"Affymetrix Code","Chromosome","Bristol SNP Code","Matrix score","Maf score","Marker
Status","Position","Forward 1","Forward 2","Common Reverse 
Sequence","SNP","Sequence
and SNP"
"AX-94452535","3B","BS00102717",1643928,0.15,"Polymorphic",698621731,"GAAGGTGACCAAGTTCATGCTAGAAATACTGTGTTGTCAATTCCTTC","GAAGGTCGGAGTCAACGGATTAACTAGAAATACTGTGTTGTCAATTCCTTT","CAAACTTACTTTTATTCCGTCCGGTTCTA","C/T","TACAGTAGCTGGACACTGGAGAACTAGAAATACTGTGTTGTCAATTCCTT[C/T]TAGAACCGGACGGAATAAAAGTAAGTTTGCCATTGGCT"
"AX-94492031","1B","BS00111449",675800,0.35,"Monomorphic",577178541,"GAAGGTGACCAAGTTCATGCTGATGTCGCAGCCGTGCAGTC","GAAGGTCGGAGTCAACGGATTGGATGTCGCAGCCGTGCAGTT","GCAATGGGGCAATGGGGCACTA","C/T","TAAAATAATCGCTGAAGTGCTTCTGGGTCTGGATGTCGCAGCCGTGCAGT[C/T]TGGTAGTGCCCCATTGCCCCATTGCAGTTTGGTATTACTTTTCTTGCAGA"
"AX-95147328","3B","BS00079433",287283,0.26,"Monomorphic","-","GAAGGTGACCAAGTTCATGCTCCGGGCTTCGCAATTACAGTG","GAAGGTCGGAGTCAACGGATTCCGGGCTTCGCAATTACAGTC","GTTGTAGGACACGTCCAGCGTCTT","C/G","TGGTGGGAGATGACCGGTGAGGTGGTTGTAGGACACGTCCAGCGTCTTGA[C/G]ACTGTAATTGCGAAGCCCGGCTGGGAGATGACCGGAGAGATTGTTGTTGC"
"AX-95069448","2D","BS00063658",106873,0.37,"-",8888980,"GAAGGTGACCAAGTTCATGCTCGCGGTGGAGCAGAGCCATT","GAAGGTCGGAGTCAACGGATTGCGGTGGAGCAGAGCCATG","GCTAGCCGCCATGGGCCGTT","A/C","TAGCTAGCTAGCCGCCATGGGCCGTTC[A/C]ATGGCTCTGCTCCACCGCGAGATTTACTTCTCCGACGACGAGGCGTTATC"
"AX-94512093","2B","BS00111453",42306,0.09,"Monomorphic",3409810,"GAAGGTGACCAAGTTCATGCTTCCGGTACAATTCCACCTTTCATC","GAAGGTCGGAGTCAACGGATTCCGGTACAATTCCACCTTTCATG","TTAGGTATGTGAGCTTCGAAGGAAACTT","C/G","GAGATACACCTTCGAAACAACAATCTTTCCGGTACAATTCCACCTTTCAT[C/G]AAGTTTCCTTCGAAGCTCACATACCTAAGTCTTACCGGAAATAGCCTTAC"
"AX-94817832","7A","BS00035307",18491,0.36,"Polymorphic",65007767,"GAAGGTGACCAAGTTCATGCTAAAATAACAGCATATCAGGGCGGG","GAAGGTCGGAGTCAACGGATTCAAAATAACAGCATATCAGGGCGGA","TACCTGGTCGAGCAGGGTTTCTAA","C/T","TTTGGTCGTGGAGAGGCTCGGCGACTACCTGGTCGAGCAGGGTTTCTAAG[C/T]CCGCCCTGATATGCTGTTATTTTGGTCGTCTGGGACTAAGTTTGCTCTAC"
"AX-94793174","3A","BS00032082",7871,0.34,"Polymorphic",749346577,"GAAGGTGACCAAGTTCATGCTGGAAAGGAGACCATGACCCTCA","GAAGGTCGGAGTCAACGGATTGAAAGGAGACCATGACCCTCG","AACTCCAGCCTACTCAGATAACTATCTA","A/G","AAGAATTCGATTCGGTCCGCCTCGCTACAGGAAAGGAGACCATGACCCTC[A/G]GTCTAGATAGTTATCTGAGTAGGCTGGAGTTGTCATGTGTGCAGGTTTAC"
"AX-94517463","6D","BS00111455",3421,0.22,"Polymorphic",21982688,"GAAGGTGACCAAGTTCATGCTCCTTTCTCCAGTACTTGCATAATGC","GAAGGTCGGAGTCAACGGATTCCCTTTCTCCAGTACTTGCATAATGA","TACTGAGAGTGACTGGACAAGGCTA","G/T","TTATCATCAACATTAGAGGACATTACTGAGAGTGACTGGACAAGGCTAGA[G/T]CATTATGCAAGTACTGGAGAAAGGGTTGAGGTAGAACTTATTAACTGCAG"
"AX-94927789","7A","BS00111448",1845,0.48,"Monomorphic",729276380,"GAAGGTGACCAAGTTCATGCTAAATGGTGCTCAAATGGGTGCAAT","GAAGGTCGGAGTCAACGGATTAAATGGTGCTCAAATGGGTGCAAC","CCCAACACGTGGACCGGACAT","A/G","CGACAATGACGTTTGCTCCCTCCGCAAAGCCCAACACGTGGACCGGACAT[A/G]TTGCACCCATTTGAGCACCATTTAGAGACAAACTTCCCAAGTTGATAATC"
"AX-94543458","1A","BS00111460",899,0.31,"Monomorphic",6639242,"GAAGGTGACCAAGTTCATGCTATCCAGCAAAAATCTTTGCCCGTCA","GAAGGTCGGAGTCAACGGATTCCAGCAAAAATCTTTGCCCGTCG","GACGAGCATGGTGAGGCGGAAA","A/G","CCGGTCCCAACAAAACATGACGCTAGATCCAGCAAAAATCTTTGCCCGTC[A/G]CAGCTTTCCGCCTCACCATGCTCGTCTCCACATGCAGTCGGCAACCGCCG"
"AX-94725198","5B","BS00111458",441,0.28,"Monomorphic",698453437,"GAAGGTGACCAAGTTCATGCTGCAGGAGTGTTCAAGGCACTC","GAAGGTCGGAGTCAACGGATTGGCAGGAGTGTTCAAGGCACTA","CCTGTTGGTCTTCTCAACGACCTTA","G/T","AAACTCCATAGCTTTCCTGTTGGTCTTCTCAACGACCTTAGAAGATCCTG[G/T]AGTGCCTTGAACACTCCTGCCACCAGTACGACGATTGAACTTGAGGTACA"
"AX-95169614","5A","BS00111446",305,0.20,"Polymorphic",288906811,"GAAGGTGACCAAGTTCATGCTGCGGCTGGGGCGTCACCA","GAAGGTCGGAGTCAACGGATTCGGCTGGGGCGTCACCG","CTGCCACTGCTTCTGCACCCAA","A/G","GATGGGAGCGGGGCGGCCGCCTCACGGGGTGGAGCGGCTGGGGCGTCACC[A/G]CTTGGGTGCAGAAGCAGTGGCAGCGGTGGCGCTGTGCTGTGGCGGAGGAG"
"AX-94548821","1B","BS00009331",205,0.29,"Polymorphic",662556369,"GAAGGTGACCAAGTTCATGCTCGGAGTTTGACACATAGTCCCG","GAAGGTCGGAGTCAACGGATTACGGAGTTTGACACATAGTCCCA","CTGGTGCCCGTATTTGTTCTCCTT","C/T","GCTTACTCCAACCTACATGCTGGTGCCCGTATTTGTTCTCCTTGGGCTGG[C/T]GGGACTATGTGTCAAACTCCGTAGGGCGCGGAAGCAAGATGGTGGGCCAG"
"AX-95137520","3D","BS00045383",159,0.18,"Polymorphic",96124437,"GAAGGTGACCAAGTTCATGCTGGAGCATGTCCCGCCTGGT","GAAGGTCGGAGTCAACGGATTGAGCATGTCCCGCCTGGC","GGGGAGCTGCTCCGGCAGAA","A/G","TCGTCGACTACTTCGGGGAGCTGCTCCGGCAGAAGGTCCCCGACGCCGCG[A/G]CCAGGCGGGACATGCTCCTCAGGGGGGACAAGATGACGGCCGCGGAGGCG"
"AX-94994996","5B","BS00111452",120,0.37,"Polymorphic",670831094,"GAAGGTGACCAAGTTCATGCTAGGTGTGCACCCCGAGTCG","GAAGGTCGGAGTCAACGGATTGAGGTGTGCACCCCGAGTCT","CTCAGCCGCTGGAACAAAGTATTGAA","G/T","TCATCTGCAGAGCATGTCATTGCTACTCTGCGAGGTGTGCACCCCGAGTC[G/T]ATTCAATACTTTGTTCCAGCGGCTGAGAGACTAAGCCAAGAACTAGGACC"
"AX-95139065","5A","BS00061601",81,0.15,"Monomorphic",487336146,"GAAGGTGACCAAGTTCATGCTCAAACTGAGGCTACAGGAATAAGAG","GAAGGTCGGAGTCAACGGATTCAAACTGAGGCTACAGGAATAAGAA","CATCATTCTGTTGGATGCCAATTGTCATT","C/T","GGAAACAGTACGTAGACATCATTCTGTTGGATGCCAATTGTCATTTGTTA[C/T]TCTTATTCCTGTAGCCTCAGTTTGAATGTTTGTTGATTGATATTCCTGCT"
"AX-94454118","6B","BS00111443",63,0.33,"Polymorphic",518391414,"GAAGGTGACCAAGTTCATGCTAATAGTGAGATTGGTTTTGCAAGAAATCAT","GAAGGTCGGAGTCAACGGATTAGTGAGATTGGTTTTGCAAGAAATCAC","AACAAGAAGGGCCATGACCTGTTATTATT","A/G","TCCATTCCCCATCTTTTGGAGAACAAGAAGGGCCATGACCTGTTATTATT[A/G]TGATTTCTTGCAAAACCAATCTCACTATTTTTCAATTGTTTGAAGCATTA"
"AX-94448722","4A","BS00064062",44,0.29,"Polymorphic",3381284,"GAAGGTGACCAAGTTCATGCTCGCGCACGCTAAATGAACTACG","GAAGGTCGGAGTCAACGGATTGCGCGCACGCTAAATGAACTACA","CGGTGATGCATCAGGATCCAACAAA","C/T","CGGCGGCGACGGTGATGCATCAGGATCCAACAAATTTTAAATTTCTGCTA[C/T]GTAGTTCATTTAGCGTGCGCGCTGAGTGCGTACGTCGTTGGTTCAGGTCT"
"AX-94469785","2D","BS00111447",37,0.30,"-",577338314,"GAAGGTGACCAAGTTCATGCTCATCCTTGACGTACTGTGTGT","GAAGGTCGGAGTCAACGGATTCTCATCCTTGACGTACTGTGTGC","GACGCCCTTCCTAGGACGAGAA","A/G","CCTGCTGGCTGCTGGCTGCCGCCCACGGACGCCCTTCCTAGGACGAGAAC[A/G]CACACAGTACGTCAAGGATGAGCTTAGAAGCAAACACCGGGACGAGAAAT"
"AX-95202656","3B","BS00111450",30,0.27,"Monomorphic",3237701,"GAAGGTGACCAAGTTCATGCTGGTTTGCATAGATACTTCTCTTTGACAAT","GAAGGTCGGAGTCAACGGATTGTTTGCATAGATACTTCTCTTTGACAAC","TCCAAAGGAAGGTCCTAGCCAGAAA","A/G","AGGAACGGGAAAGGCTACATCCAAAGGAAGGTCCTAGCCAGAAACCCTCG[A/G]TTGTCAAAGAGAAGTATCTATGCAAACCAATATCAGAGCTTGATCTCTCA"
"AX-94503379","7B","BS00111451",22,0.16,"Monomorphic",457403700,"GAAGGTGACCAAGTTCATGCTATATTCAAAACCATTTACAACTGGTGGTT","GAAGGTCGGAGTCAACGGATTCAAAACCATTTACAACTGGTGGTC","GGCCTCAGTACATAAATCTTGTACAGAA","A/G","TCGACCGGCCTCAGTACATAAATCTTGTACAGAAGTTTGCCAAGAGTGGT[A/G]ACCACCAGTTGTAAATGGTTTTGAATATAAAAGAAATGCCGCTATTTTGC"
"AX-94891105","1B","BS00111445",17,0.38,"Polymorphic",551179524,"GAAGGTGACCAAGTTCATGCTATTATTCCCATTCACCAAGCCAGTAT","GAAGGTCGGAGTCAACGGATTATTCCCATTCACCAAGCCAGTAC","GGTTCACAGAAAATACTAGGGAATCAAGTA","A/G","AGAAATAGATGTGGACTCATGGTTCACAGAAAATACTAGGGAATCAAGTA[A/G]TACTGGCTTGGTGAATGGGAATAATATCATGATGGATGATTGGCAAGGTT"
"AX-95259523","2D","BS00111461",13,0.08,"Monomorphic",336976283,"GAAGGTGACCAAGTTCATGCTTCTGCAACTCTAGCTTGTGTA","GAAGGTCGGAGTCAACGGATTCTTCTGCAACTCTAGCTTGTGTG","AGGTGGGGCGGGGCTAAACATT","A/G","CACGCCCTGGGGCATGGCATCGCAGTTGCTTCTGCAACTCTAGCTTGTGT[A/G]CGGCCAATGTTTAGCCCCGCCCCACCTTTGTTTAGAGAGTGGTAGTTGAA"
"AX-94742565","1D","BS00009709",10,0.19,"Polymorphic",419734307,"GAAGGTGACCAAGTTCATGCTGAGGAGAACTGTATCTCCCTTGT","GAAGGTCGGAGTCAACGGATTGAGGAGAACTGTATCTCCCTTGC","GGTTCTCGAGGGCCTACGACAT","A/G","ACGATGGGTTCTCGAGGGCCTACGACATGAGCCCTCTCCAGGGCCAGGGG[A/G]CAAGGGAGATACAGTTCTCCTCGCTGGATGGATACTCCACCAATGGTGGT"
"AX-94547995","4B ","BS00111462",10,0.28,"Polymorphic",601051260,"GAAGGTGACCAAGTTCATGCTCAATCAGTTTGCAATTGATTATCCGAC","GAAGGTCGGAGTCAACGGATTATACAATCAGTTTGCAATTGATTATCCGAT","GTCCCTCCGACATCAGATAAGGTTT","C/T","GTCGATAGTACACAACATACGATACAATCAGTTTGCAATTGATTATCCGA[C/T]TCGTCCTCATGCATACCCAAACCTTATCTGATGTCGGAGGGACTCGTATC"
"AX-95229956","1D","BS00111457",8,0.10,"Polymorphic",458120425,"GAAGGTGACCAAGTTCATGCTGTGGAAAGAATTATAGGAGGCCC","GAAGGTCGGAGTCAACGGATTCGTGGAAAGAATTATAGGAGGCCT","GCCTTTGTTAAGAGATTTCTAGGCCTTAT","C/T","CCCAAGGGCCATGCACTTATTTTTTACCGTGGAAAGAATTATAGGAGGCC[C/T]ATTAACATAAGGCCTAGAAATCTCTTAACAAAGGCTAAGGCATTGAAACG"
"AX-95629777","3B","BS00111463",7,0.11,"Polymorphic",432844990,"GAAGGTGACCAAGTTCATGCTCGGGAAAACAAAATACTCTAGACACAA","GAAGGTCGGAGTCAACGGATTGGGAAAACAAAATACTCTAGACACAG","ATATGTGTGGCGCTGAAACTGG","A/G","CGGCTTCGATAGATTCAAATCACGCGGGAAAACAAAATACTCTAGACACA[A/G]ACACAATATTTTCAGAGAACTTCCCAGTTTCAGCGCCACACATATATCTGCAT"
"AX-95009545","4A","BS00111456",5,0.20,"Polymorphic",63545963,"GAAGGTGACCAAGTTCATGCTAGCTGTTGGCTTTGAACCAGCG","GAAGGTCGGAGTCAACGGATTGAGCTGTTGGCTTTGAACCAGCA","GATCCAGTTTTGAATCAATTACGACGGAA","C/T","CTAAGAACCAGTTTTGCTGATCCAGTTTTGAATCAATTACGACGGAACAG[C/T]GCTGGTTCAAAGCCAACAGCTCTGTAAGCTCCTGGAAACTAAATTTTCCT"
"AX-94543355","4B","BS00111459",5,0.16,"Polymorphic",564873693,"GAAGGTGACCAAGTTCATGCTAAATAAAAGATACTTTTTCATTGTGCATCCATT","GAAGGTCGGAGTCAACGGATTAAAAGATACTTTTTCATTGTGCATCCATC","GATAACGAGCTTTGCTCACGGCTA","A/G","TAAGACGGATGCCCAGAGACGATAACGAGCTTTGCTCACGGCTACGCGAC[A/G]ATGGATGCACAATGAAAAAGTATCTTTTATTTGTGTAAGGGTGCCTTTTA"
"AX-94390873","5A","BS00028503",4,0.22,"Polymorphic",242855952,"GAAGGTGACCAAGTTCATGCTCTGTTCAAAGTTGATTGAGGCTCA","GAAGGTCGGAGTCAACGGATTCTGTTCAAAGTTGATTGAGGCTCG","CCACAGGCCAATTTGACTGCAAGTT","A/G","AAGGTAAAGAGAAAGAAATAGGCTACTCTGTTCAAAGTTGATTGAGGCTC[A/G]GAACTTGCAGTCAAATTGGCCTGTGGACCAGTCTACATTGCAAATTGATA"
"AX-95223579","3A ","BS00111454",4,0.21,"Polymorphic",99582829,"GAAGGTGACCAAGTTCATGCTTATGTGCTGTCTGCACATTAGTG","GAAGGTCGGAGTCAACGGATTGCTTATGTGCTGTCTGCACATTAGTT","GCAGCACATACATGCTCACTACCAA","G/T","AGCTGTTACCCTTGCTTCAGTGCTCGCTTATGTGCTGTCTGCACATTAGT[G/T]TAGTTTGGTAGTGAGCATGTATGTGCTGCATTTGAAGCTGTCGGCAGTCT"
"AX-94884875","6D","BS00111444",3,0.02,"Polymorphic",472750968,"GAAGGTGACCAAGTTCATGCTAAAAGCAATGCCTCTGGACGCC","GAAGGTCGGAGTCAACGGATTAAAAGCAATGCCTCTGGACGCG","GGAGAATGAAGGCCCTGCATACATT","C/G","ATGTTCCGCAGAAAAGCAATGCCTCTGGACGC[C/G]ACCAGGTCTACACCCTGTAATGTATGCAGGGCCTTCATTCTCCTAATCCC"
