"Name","Species","Sample type","Country of origin","Release date"
"Adhoc","T. aestivum","Cultivar",,2007
"Akteur","T. aestivum","Cultivar",,
"Alcedo","T. aestivum","Cultivar","United Kingdom",1998
"Alchemy","T. aestivum","Cultivar","United Kingdom",2006
"Altigo","T. aestivum","Cultivar",,
"Apache","T. aestivum","Cultivar","United Kingdom",1998
"Apogee","T. aestivum","Cultivar","USA",
"Avalon","T. aestivum","Cultivar","United Kingdom",1980
"Azzerti","T. aestivum","Cultivar",,
"Bacanora","T. aestivum","Cultivar","United Kingdom",1988
"Badger","T. aestivum","Cultivar",,
"Batis","T. aestivum","Cultivar","United Kingdom",
"Battalion","T. aestivum","Cultivar","United Kingdom",2007
"Beluga","T. aestivum","Cultivar",,
"Bergamo","T. aestivum","Cultivar",,
"Biensur","T. turgidum L. var. durum","Cultivar","Italy",
"Bobwhite","T. aestivum","Cultivar",,
"Boregar","T. aestivum","Cultivar",,
"Brilliant","T. aestivum","Cultivar","United Kingdom",
"Brompton","T. aestivum","Cultivar","United Kingdom",2005
"Buster","T. aestivum","Cultivar","United Kingdom",1995
"Cadenza","T. aestivum","Cultivar","United Kingdom",1995
"Capelle Desprez","T. aestivum","Cultivar",,
"Caphorn","T. aestivum","Cultivar","United Kingdom",2002
"Cezanne","T. aestivum","Cultivar","France",1996
"Charger","T. aestivum","Cultivar",,
"Chidham White Chaff","T. aestivum","Heritage Cultivar","United Kingdom",
"Claire","T. aestivum","Cultivar","United Kingdom",1996
"Cougar","T. aestivum","Cultivar",,2002
"Crusoe","T. aestivum","Cultivar",,
"Dekan","T. aestivum","Cultivar",,
"Delphi","T. aestivum","Cultivar",,
"Dickens","T. aestivum","Cultivar",,
"Dinosor","T. aestivum","Cultivar",,
"Einstein","T. aestivum","Cultivar","United Kingdom",2003
"Except","T. aestivum","Cultivar",,
"Fabian","T. aestivum","Cultivar",,
"Fiorello","T. aestivum","Cultivar",,
"Gallant","T. aestivum","Cultivar","United Kingdom",
"Garcia","T. aestivum","Cultivar",,
"Gatsby","T. aestivum","Cultivar","United Kingdom",2006
"Glasgow","T. aestivum","Cultivar","United Kingdom",
"Gravitas","T. aestivum","Cultivar",,
"Gulliver","T. aestivum","Cultivar","United Kingdom",2008
"Hereford","T. aestivum","Cultivar",,
"Hereward","T. aestivum","Cultivar","United Kingdom",1990
"Highbury","T. aestivum","Cultivar",,
"Hobbit","T. aestivum","Cultivar","United Kingdom",1977
"Horatio","T. aestivum","Cultivar",,
"Humber","T. aestivum","Cultivar","United Kingdom",
"Invicta","T. aestivum","Cultivar",,
"JB Diego","T. aestivum","Cultivar",,
"Julius","T. aestivum","Cultivar",,
"Koreli","T. aestivum","Cultivar",,
"KWS Gator","T. aestivum","Cultivar",,
"KWS Kielder","T. aestivum","Cultivar",,
"KWS Podium","T. aestivum","Cultivar",,
"KWS Santiago","T. aestivum","Cultivar",,
"KWS Target","T. aestivum","Cultivar",,
"Laurier","T. aestivum","Cultivar",,
"Leeds","T. aestivum","Cultivar",,
"Longbow","T. aestivum","Cultivar","United Kingdom",1983
"Lynx","T. aestivum","Cultivar",,
"Malacca","T. aestivum","Cultivar","United Kingdom",1999
"Mercato","T. aestivum","Cultivar","United Kingdom",
"Meteor","T. aestivum","Cultivar","United Kingdom",1985
"Moulin","T. aestivum","Cultivar","United Kingdom",
"Musketeer","T. aestivum","Cultivar","United Kingdom",2008
"Oakley","T. aestivum","Cultivar","United Kingdom",2007
"Opata","T. aestivum","Cultivar","United Kingdom",
"Option","T. aestivum","Cultivar","United Kingdom",2000
"Oratorio ","T. aestivum","Cultivar","United Kingdom",
"Paragon","T. aestivum","Cultivar","United Kingdom",1964
"Player","T. aestivum","Cultivar","France",
"Premio","T. aestivum","Cultivar","United Kingdom",2007
"Recital","T. aestivum","Cultivar","France",1986
"Relay","T. aestivum","Cultivar",,
"Renan","T. aestivum","Cultivar","United Kingdom",1989
"Revelation","T. aestivum","Cultivar",,
"Rialto","T. aestivum","Cultivar","United Kingdom",1995
"Robigus","T. aestivum","Cultivar","United Kingdom",2003
"Rocky","T. aestivum","Cultivar",,1977
"Savannah","T. aestivum","Cultivar","United Kingdom",1998
"Shamrock","T. aestivum","Cultivar","United Kingdom",
"Shango","T. aestivum","Cultivar",,
"Skyfall","T. aestivum","Cultivar","United Kingdom",
"Soissons","T. aestivum","Cultivar","United Kingdom",1996
"Solstice","T. aestivum","Cultivar","United Kingdom",2002
"Spark","T. aestivum","Cultivar","United Kingdom",1991
"Tommi","T. aestivum","Cultivar",,2002
"Tuerkis ","T. aestivum","Cultivar","United Kingdom",
"Tuxedo","T. aestivum","Cultivar",,
"Viscount","T. aestivum","Cultivar",,
"Weebil","T. aestivum","Cultivar","United Kingdom",
"Xi19","T. aestivum","Cultivar","United Kingdom",
